"","plate_number","original_plate_well","sample_type","sample_descriptor_tissue","c_rt1_primer_name","rd1_index_cell_index_index_sequence_as_in_c_rt1_primer","illumina_index_index_number_separate_index_read","illumina_index_index_sequence_separate_index_read","rt1_index_primer_sequences","well_position","sequencing_run","accidentally_in_pool"
"Macrophage_C3","Macrophage","A1",NA,NA,"GGACTTAC",147,"RPI-12","CTTGTA","CGATTGAGGCCGGTAATACGACTCACTATAGGGGTTCAGAGTTCTACAGTCCGACGATCNNNNNNGGACTTACTTTTTTTTTTTTTTTTTTTTTTTTV","C3","S000306",NA
"Macrophage_C5","Macrophage","A3",NA,NA,"ACGCGTTA",149,"RPI-12","CTTGTA","CGATTGAGGCCGGTAATACGACTCACTATAGGGGTTCAGAGTTCTACAGTCCGACGATCNNNNNNACGCGTTATTTTTTTTTTTTTTTTTTTTTTTTV","C5","S000306",NA
"Macrophage_C7","Macrophage","A5",NA,NA,"ACTACACG",151,"RPI-12","CTTGTA","CGATTGAGGCCGGTAATACGACTCACTATAGGGGTTCAGAGTTCTACAGTCCGACGATCNNNNNNACTACACGTTTTTTTTTTTTTTTTTTTTTTTTV","C7","S000306",NA
"Macrophage_C9","Macrophage","A7",NA,NA,"CATCAAGC",153,"RPI-12","CTTGTA","CGATTGAGGCCGGTAATACGACTCACTATAGGGGTTCAGAGTTCTACAGTCCGACGATCNNNNNNCATCAAGCTTTTTTTTTTTTTTTTTTTTTTTTV","C9","S000306",NA
"Macrophage_C11","Macrophage","A9",NA,NA,"TCAGTGCA",155,"RPI-12","CTTGTA","CGATTGAGGCCGGTAATACGACTCACTATAGGGGTTCAGAGTTCTACAGTCCGACGATCNNNNNNTCAGTGCATTTTTTTTTTTTTTTTTTTTTTTTV","C11","S000306",NA
"Macrophage_C13","Macrophage","A11",NA,NA,"TGCGTAGT",157,"RPI-12","CTTGTA","CGATTGAGGCCGGTAATACGACTCACTATAGGGGTTCAGAGTTCTACAGTCCGACGATCNNNNNNTGCGTAGTTTTTTTTTTTTTTTTTTTTTTTTTV","C13","S000306",NA
"Macrophage_C15","Macrophage","A13",NA,NA,"CTCACGAA",159,"RPI-12","CTTGTA","CGATTGAGGCCGGTAATACGACTCACTATAGGGGTTCAGAGTTCTACAGTCCGACGATCNNNNNNCTCACGAATTTTTTTTTTTTTTTTTTTTTTTTV","C15","S000306",NA
"Macrophage_C17","Macrophage","A15",NA,NA,"CACGGTAT",161,"RPI-12","CTTGTA","CGATTGAGGCCGGTAATACGACTCACTATAGGGGTTCAGAGTTCTACAGTCCGACGATCNNNNNNCACGGTATTTTTTTTTTTTTTTTTTTTTTTTTV","C17","S000306",NA
"Macrophage_D3","Macrophage","A2",NA,NA,"ATTGCGTG",171,"RPI-12","CTTGTA","CGATTGAGGCCGGTAATACGACTCACTATAGGGGTTCAGAGTTCTACAGTCCGACGATCNNNNNNATTGCGTGTTTTTTTTTTTTTTTTTTTTTTTTV","D3","S000306",NA
"Macrophage_D5","Macrophage","A4",NA,NA,"GCTAAGCT",173,"RPI-12","CTTGTA","CGATTGAGGCCGGTAATACGACTCACTATAGGGGTTCAGAGTTCTACAGTCCGACGATCNNNNNNGCTAAGCTTTTTTTTTTTTTTTTTTTTTTTTTV","D5","S000306",NA
"Macrophage_D7","Macrophage","A6",NA,NA,"CATCCAGA",175,"RPI-12","CTTGTA","CGATTGAGGCCGGTAATACGACTCACTATAGGGGTTCAGAGTTCTACAGTCCGACGATCNNNNNNCATCCAGATTTTTTTTTTTTTTTTTTTTTTTTV","D7","S000306",NA
"Macrophage_D9","Macrophage","A8",NA,NA,"CAGTGCTA",177,"RPI-12","CTTGTA","CGATTGAGGCCGGTAATACGACTCACTATAGGGGTTCAGAGTTCTACAGTCCGACGATCNNNNNNCAGTGCTATTTTTTTTTTTTTTTTTTTTTTTTV","D9","S000306",NA
"Macrophage_D11","Macrophage","A10",NA,NA,"GGTAACTC",179,"RPI-12","CTTGTA","CGATTGAGGCCGGTAATACGACTCACTATAGGGGTTCAGAGTTCTACAGTCCGACGATCNNNNNNGGTAACTCTTTTTTTTTTTTTTTTTTTTTTTTV","D11","S000306",NA
"Macrophage_D13","Macrophage","A12",NA,NA,"GATACTGC",181,"RPI-12","CTTGTA","CGATTGAGGCCGGTAATACGACTCACTATAGGGGTTCAGAGTTCTACAGTCCGACGATCNNNNNNGATACTGCTTTTTTTTTTTTTTTTTTTTTTTTV","D13","S000306",NA
"Macrophage_D15","Macrophage","A14",NA,NA,"GGATGCTT",183,"RPI-12","CTTGTA","CGATTGAGGCCGGTAATACGACTCACTATAGGGGTTCAGAGTTCTACAGTCCGACGATCNNNNNNGGATGCTTTTTTTTTTTTTTTTTTTTTTTTTTV","D15","S000306",NA
"Macrophage_D17","Macrophage","A16",NA,NA,"TAGCTCAG",185,"RPI-12","CTTGTA","CGATTGAGGCCGGTAATACGACTCACTATAGGGGTTCAGAGTTCTACAGTCCGACGATCNNNNNNTAGCTCAGTTTTTTTTTTTTTTTTTTTTTTTTV","D17","S000306",NA
"Macrophage_E3","Macrophage","C1","50 cell minibulk","HRT D4 T1","TGACTACG",195,"RPI-12","CTTGTA","CGATTGAGGCCGGTAATACGACTCACTATAGGGGTTCAGAGTTCTACAGTCCGACGATCNNNNNNTGACTACGTTTTTTTTTTTTTTTTTTTTTTTTV","E3","S000306",NA
"Macrophage_E5","Macrophage","C3","50 cell minibulk","HRT D4 T3","AATCACGC",197,"RPI-12","CTTGTA","CGATTGAGGCCGGTAATACGACTCACTATAGGGGTTCAGAGTTCTACAGTCCGACGATCNNNNNNAATCACGCTTTTTTTTTTTTTTTTTTTTTTTTV","E5","S000306",NA
"Macrophage_E7","Macrophage","C5","50 cell minibulk","HRT D4 P2","TAGGTGCT",199,"RPI-12","CTTGTA","CGATTGAGGCCGGTAATACGACTCACTATAGGGGTTCAGAGTTCTACAGTCCGACGATCNNNNNNTAGGTGCTTTTTTTTTTTTTTTTTTTTTTTTTV","E7","S000306",NA
"Macrophage_E9","Macrophage","C7","50 cell minibulk","HRT D7 T1","AGTGACTC",201,"RPI-12","CTTGTA","CGATTGAGGCCGGTAATACGACTCACTATAGGGGTTCAGAGTTCTACAGTCCGACGATCNNNNNNAGTGACTCTTTTTTTTTTTTTTTTTTTTTTTTV","E9","S000306",NA
"Macrophage_E11","Macrophage","C9","50 cell minibulk","HRT D7 T3","GTGCGTAT",203,"RPI-12","CTTGTA","CGATTGAGGCCGGTAATACGACTCACTATAGGGGTTCAGAGTTCTACAGTCCGACGATCNNNNNNGTGCGTATTTTTTTTTTTTTTTTTTTTTTTTTV","E11","S000306",NA
"Macrophage_E13","Macrophage","C11",NA,NA,"TCGACTAG",205,"RPI-12","CTTGTA","CGATTGAGGCCGGTAATACGACTCACTATAGGGGTTCAGAGTTCTACAGTCCGACGATCNNNNNNTCGACTAGTTTTTTTTTTTTTTTTTTTTTTTTV","E13","S000306",NA
"Macrophage_E15","Macrophage","C13",NA,NA,"ATGGTGCT",207,"RPI-12","CTTGTA","CGATTGAGGCCGGTAATACGACTCACTATAGGGGTTCAGAGTTCTACAGTCCGACGATCNNNNNNATGGTGCTTTTTTTTTTTTTTTTTTTTTTTTTV","E15","S000306",NA
"Macrophage_E17","Macrophage","C15","50 cell minibulk","HRT D7 P5","CGATTGTG",209,"RPI-12","CTTGTA","CGATTGAGGCCGGTAATACGACTCACTATAGGGGTTCAGAGTTCTACAGTCCGACGATCNNNNNNCGATTGTGTTTTTTTTTTTTTTTTTTTTTTTTV","E17","S000306",NA
"Macrophage_F3","Macrophage","C2","50 cell minibulk","HRT D4 T2","AGGAGGAA",219,"RPI-12","CTTGTA","CGATTGAGGCCGGTAATACGACTCACTATAGGGGTTCAGAGTTCTACAGTCCGACGATCNNNNNNAGGAGGAATTTTTTTTTTTTTTTTTTTTTTTTV","F3","S000306",NA
"Macrophage_F5","Macrophage","C4","50 cell minibulk","HRT D4 P1","ATAGGCTC",221,"RPI-12","CTTGTA","CGATTGAGGCCGGTAATACGACTCACTATAGGGGTTCAGAGTTCTACAGTCCGACGATCNNNNNNATAGGCTCTTTTTTTTTTTTTTTTTTTTTTTTV","F5","S000306",NA
"Macrophage_F7","Macrophage","C6","50 cell minibulk","HRT D4 P3","ACACAGCT",223,"RPI-12","CTTGTA","CGATTGAGGCCGGTAATACGACTCACTATAGGGGTTCAGAGTTCTACAGTCCGACGATCNNNNNNACACAGCTTTTTTTTTTTTTTTTTTTTTTTTTV","F7","S000306",NA
"Macrophage_F9","Macrophage","C8",NA,NA,"ACATGCCA",225,"RPI-12","CTTGTA","CGATTGAGGCCGGTAATACGACTCACTATAGGGGTTCAGAGTTCTACAGTCCGACGATCNNNNNNACATGCCATTTTTTTTTTTTTTTTTTTTTTTTV","F9","S000306",NA
"Macrophage_F11","Macrophage","C10","50 cell minibulk","HRT D7 T4","GCGTGATT",227,"RPI-12","CTTGTA","CGATTGAGGCCGGTAATACGACTCACTATAGGGGTTCAGAGTTCTACAGTCCGACGATCNNNNNNGCGTGATTTTTTTTTTTTTTTTTTTTTTTTTTV","F11","S000306",NA
"Macrophage_F13","Macrophage","C12",NA,NA,"TACCGATG",229,"RPI-12","CTTGTA","CGATTGAGGCCGGTAATACGACTCACTATAGGGGTTCAGAGTTCTACAGTCCGACGATCNNNNNNTACCGATGTTTTTTTTTTTTTTTTTTTTTTTTV","F13","S000306",NA
"Macrophage_F15","Macrophage","C14","50 cell minibulk","HRT D7 P4","AGCTTACG",231,"RPI-12","CTTGTA","CGATTGAGGCCGGTAATACGACTCACTATAGGGGTTCAGAGTTCTACAGTCCGACGATCNNNNNNAGCTTACGTTTTTTTTTTTTTTTTTTTTTTTTV","F15","S000306",NA
"Macrophage_F17","Macrophage","C16","50 cell minibulk","HRT D7 P6","GCTGCATA",233,"RPI-12","CTTGTA","CGATTGAGGCCGGTAATACGACTCACTATAGGGGTTCAGAGTTCTACAGTCCGACGATCNNNNNNGCTGCATATTTTTTTTTTTTTTTTTTTTTTTTV","F17","S000306",NA
"Macrophage_G3","Macrophage","E1",NA,NA,"CGAACTGT",243,"RPI-12","CTTGTA","CGATTGAGGCCGGTAATACGACTCACTATAGGGGTTCAGAGTTCTACAGTCCGACGATCNNNNNNCGAACTGTTTTTTTTTTTTTTTTTTTTTTTTTV","G3","S000306",NA
"Macrophage_G5","Macrophage","E3",NA,NA,"ACCGTTAG",245,"RPI-12","CTTGTA","CGATTGAGGCCGGTAATACGACTCACTATAGGGGTTCAGAGTTCTACAGTCCGACGATCNNNNNNACCGTTAGTTTTTTTTTTTTTTTTTTTTTTTTV","G5","S000306",NA
"Macrophage_G7","Macrophage","E5",NA,NA,"GAATCGTC",247,"RPI-12","CTTGTA","CGATTGAGGCCGGTAATACGACTCACTATAGGGGTTCAGAGTTCTACAGTCCGACGATCNNNNNNGAATCGTCTTTTTTTTTTTTTTTTTTTTTTTTV","G7","S000306",NA
"Macrophage_G9","Macrophage","E7",NA,NA,"GATTCGGT",249,"RPI-12","CTTGTA","CGATTGAGGCCGGTAATACGACTCACTATAGGGGTTCAGAGTTCTACAGTCCGACGATCNNNNNNGATTCGGTTTTTTTTTTTTTTTTTTTTTTTTTV","G9","S000306",NA
"Macrophage_G11","Macrophage","E9",NA,NA,"GTTGTGAC",251,"RPI-12","CTTGTA","CGATTGAGGCCGGTAATACGACTCACTATAGGGGTTCAGAGTTCTACAGTCCGACGATCNNNNNNGTTGTGACTTTTTTTTTTTTTTTTTTTTTTTTV","G11","S000306",NA
"Macrophage_G13","Macrophage","E11",NA,NA,"GGTCAATC",253,"RPI-12","CTTGTA","CGATTGAGGCCGGTAATACGACTCACTATAGGGGTTCAGAGTTCTACAGTCCGACGATCNNNNNNGGTCAATCTTTTTTTTTTTTTTTTTTTTTTTTV","G13","S000306",NA
"Macrophage_G15","Macrophage","E13",NA,NA,"CCAACTAG",255,"RPI-12","CTTGTA","CGATTGAGGCCGGTAATACGACTCACTATAGGGGTTCAGAGTTCTACAGTCCGACGATCNNNNNNCCAACTAGTTTTTTTTTTTTTTTTTTTTTTTTV","G15","S000306",NA
"Macrophage_G17","Macrophage","E15",NA,NA,"GCTACAAC",257,"RPI-12","CTTGTA","CGATTGAGGCCGGTAATACGACTCACTATAGGGGTTCAGAGTTCTACAGTCCGACGATCNNNNNNGCTACAACTTTTTTTTTTTTTTTTTTTTTTTTV","G17","S000306",NA
"Macrophage_G19","Macrophage","E17",NA,NA,"GTACGACT",259,"RPI-12","CTTGTA","CGATTGAGGCCGGTAATACGACTCACTATAGGGGTTCAGAGTTCTACAGTCCGACGATCNNNNNNGTACGACTTTTTTTTTTTTTTTTTTTTTTTTTV","G19","S000306",NA
"Macrophage_H3","Macrophage","E2",NA,NA,"CGAATCGT",267,"RPI-12","CTTGTA","CGATTGAGGCCGGTAATACGACTCACTATAGGGGTTCAGAGTTCTACAGTCCGACGATCNNNNNNCGAATCGTTTTTTTTTTTTTTTTTTTTTTTTTV","H3","S000306",NA
"Macrophage_H5","Macrophage","E4",NA,NA,"AGTTGCTG",269,"RPI-12","CTTGTA","CGATTGAGGCCGGTAATACGACTCACTATAGGGGTTCAGAGTTCTACAGTCCGACGATCNNNNNNAGTTGCTGTTTTTTTTTTTTTTTTTTTTTTTTV","H5","S000306",NA
"Macrophage_H7","Macrophage","E6",NA,NA,"CGAACACT",271,"RPI-12","CTTGTA","CGATTGAGGCCGGTAATACGACTCACTATAGGGGTTCAGAGTTCTACAGTCCGACGATCNNNNNNCGAACACTTTTTTTTTTTTTTTTTTTTTTTTTV","H7","S000306",NA
"Macrophage_H9","Macrophage","E8",NA,NA,"AGTCGTAC",273,"RPI-12","CTTGTA","CGATTGAGGCCGGTAATACGACTCACTATAGGGGTTCAGAGTTCTACAGTCCGACGATCNNNNNNAGTCGTACTTTTTTTTTTTTTTTTTTTTTTTTV","H9","S000306",NA
"Macrophage_H11","Macrophage","E10",NA,NA,"ATTGGCAC",275,"RPI-12","CTTGTA","CGATTGAGGCCGGTAATACGACTCACTATAGGGGTTCAGAGTTCTACAGTCCGACGATCNNNNNNATTGGCACTTTTTTTTTTTTTTTTTTTTTTTTV","H11","S000306",NA
"Macrophage_H13","Macrophage","E12",NA,NA,"TCCTTCTC",277,"RPI-12","CTTGTA","CGATTGAGGCCGGTAATACGACTCACTATAGGGGTTCAGAGTTCTACAGTCCGACGATCNNNNNNTCCTTCTCTTTTTTTTTTTTTTTTTTTTTTTTV","H13","S000306",NA
"Macrophage_H15","Macrophage","E14",NA,NA,"ACGACATC",279,"RPI-12","CTTGTA","CGATTGAGGCCGGTAATACGACTCACTATAGGGGTTCAGAGTTCTACAGTCCGACGATCNNNNNNACGACATCTTTTTTTTTTTTTTTTTTTTTTTTV","H15","S000306",NA
"Macrophage_H17","Macrophage","E16",NA,NA,"CATGGTTG",281,"RPI-12","CTTGTA","CGATTGAGGCCGGTAATACGACTCACTATAGGGGTTCAGAGTTCTACAGTCCGACGATCNNNNNNCATGGTTGTTTTTTTTTTTTTTTTTTTTTTTTV","H17","S000306",NA
"Macrophage_H19","Macrophage","E18",NA,NA,"GGAGTCTT",283,"RPI-12","CTTGTA","CGATTGAGGCCGGTAATACGACTCACTATAGGGGTTCAGAGTTCTACAGTCCGACGATCNNNNNNGGAGTCTTTTTTTTTTTTTTTTTTTTTTTTTTV","H19","S000306",NA
"Macrophage_I3","Macrophage","G1",NA,NA,"CTAGACCA",291,"RPI-12","CTTGTA","CGATTGAGGCCGGTAATACGACTCACTATAGGGGTTCAGAGTTCTACAGTCCGACGATCNNNNNNCTAGACCATTTTTTTTTTTTTTTTTTTTTTTTV","I3","S000306",NA
"Macrophage_I5","Macrophage","G3",NA,NA,"AGCAACTC",293,"RPI-12","CTTGTA","CGATTGAGGCCGGTAATACGACTCACTATAGGGGTTCAGAGTTCTACAGTCCGACGATCNNNNNNAGCAACTCTTTTTTTTTTTTTTTTTTTTTTTTV","I5","S000306",NA
"Macrophage_I7","Macrophage","G5",NA,NA,"ACAGCACT",295,"RPI-12","CTTGTA","CGATTGAGGCCGGTAATACGACTCACTATAGGGGTTCAGAGTTCTACAGTCCGACGATCNNNNNNACAGCACTTTTTTTTTTTTTTTTTTTTTTTTTV","I7","S000306",NA
"Macrophage_I9","Macrophage","G7",NA,NA,"CTATAGGC",297,"RPI-12","CTTGTA","CGATTGAGGCCGGTAATACGACTCACTATAGGGGTTCAGAGTTCTACAGTCCGACGATCNNNNNNCTATAGGCTTTTTTTTTTTTTTTTTTTTTTTTV","I9","S000306",NA
"Macrophage_I11","Macrophage","G9",NA,NA,"CAATCCAG",299,"RPI-12","CTTGTA","CGATTGAGGCCGGTAATACGACTCACTATAGGGGTTCAGAGTTCTACAGTCCGACGATCNNNNNNCAATCCAGTTTTTTTTTTTTTTTTTTTTTTTTV","I11","S000306",NA
"Macrophage_I13","Macrophage","G11",NA,NA,"AACCGTAC",301,"RPI-12","CTTGTA","CGATTGAGGCCGGTAATACGACTCACTATAGGGGTTCAGAGTTCTACAGTCCGACGATCNNNNNNAACCGTACTTTTTTTTTTTTTTTTTTTTTTTTV","I13","S000306",NA
"Macrophage_I15","Macrophage","G13",NA,NA,"AGCCTAAC",303,"RPI-12","CTTGTA","CGATTGAGGCCGGTAATACGACTCACTATAGGGGTTCAGAGTTCTACAGTCCGACGATCNNNNNNAGCCTAACTTTTTTTTTTTTTTTTTTTTTTTTV","I15","S000306",NA
"Macrophage_I17","Macrophage","G15",NA,NA,"AAGGAGGA",305,"RPI-12","CTTGTA","CGATTGAGGCCGGTAATACGACTCACTATAGGGGTTCAGAGTTCTACAGTCCGACGATCNNNNNNAAGGAGGATTTTTTTTTTTTTTTTTTTTTTTTV","I17","S000306",NA
"Macrophage_I19","Macrophage","G17",NA,NA,"TAGACCAC",98,"RPI-12","CTTGTA","CGATTGAGGCCGGTAATACGACTCACTATAGGGGTTCAGAGTTCTACAGTCCGACGATCNNNNNNTAGACCACTTTTTTTTTTTTTTTTTTTTTTTTV","I19","S000306",NA
"Macrophage_I21","Macrophage","G19",NA,NA,"GTGACACT",309,"RPI-12","CTTGTA","CGATTGAGGCCGGTAATACGACTCACTATAGGGGTTCAGAGTTCTACAGTCCGACGATCNNNNNNGTGACACTTTTTTTTTTTTTTTTTTTTTTTTTV","I21","S000306",NA
"Macrophage_J3","Macrophage","G2",NA,NA,"GTGCTCAA",315,"RPI-12","CTTGTA","CGATTGAGGCCGGTAATACGACTCACTATAGGGGTTCAGAGTTCTACAGTCCGACGATCNNNNNNGTGCTCAATTTTTTTTTTTTTTTTTTTTTTTTV","J3","S000306",NA
"Macrophage_J5","Macrophage","G4",NA,NA,"GTGTGGTT",317,"RPI-12","CTTGTA","CGATTGAGGCCGGTAATACGACTCACTATAGGGGTTCAGAGTTCTACAGTCCGACGATCNNNNNNGTGTGGTTTTTTTTTTTTTTTTTTTTTTTTTTV","J5","S000306",NA
"Macrophage_J7","Macrophage","G6",NA,NA,"TACTGTGG",319,"RPI-12","CTTGTA","CGATTGAGGCCGGTAATACGACTCACTATAGGGGTTCAGAGTTCTACAGTCCGACGATCNNNNNNTACTGTGGTTTTTTTTTTTTTTTTTTTTTTTTV","J7","S000306",NA
"Macrophage_J9","Macrophage","G8",NA,NA,"TACCGAAC",321,"RPI-12","CTTGTA","CGATTGAGGCCGGTAATACGACTCACTATAGGGGTTCAGAGTTCTACAGTCCGACGATCNNNNNNTACCGAACTTTTTTTTTTTTTTTTTTTTTTTTV","J9","S000306",NA
"Macrophage_J11","Macrophage","G10",NA,NA,"CGACCTAA",323,"RPI-12","CTTGTA","CGATTGAGGCCGGTAATACGACTCACTATAGGGGTTCAGAGTTCTACAGTCCGACGATCNNNNNNCGACCTAATTTTTTTTTTTTTTTTTTTTTTTTV","J11","S000306",NA
"Macrophage_J13","Macrophage","G12",NA,NA,"CAGACGTT",325,"RPI-12","CTTGTA","CGATTGAGGCCGGTAATACGACTCACTATAGGGGTTCAGAGTTCTACAGTCCGACGATCNNNNNNCAGACGTTTTTTTTTTTTTTTTTTTTTTTTTTV","J13","S000306",NA
"Macrophage_J15","Macrophage","G14",NA,NA,"TCCATGAG",327,"RPI-12","CTTGTA","CGATTGAGGCCGGTAATACGACTCACTATAGGGGTTCAGAGTTCTACAGTCCGACGATCNNNNNNTCCATGAGTTTTTTTTTTTTTTTTTTTTTTTTV","J15","S000306",NA
"Macrophage_J17","Macrophage","G16",NA,NA,"CTAACACG",329,"RPI-12","CTTGTA","CGATTGAGGCCGGTAATACGACTCACTATAGGGGTTCAGAGTTCTACAGTCCGACGATCNNNNNNCTAACACGTTTTTTTTTTTTTTTTTTTTTTTTV","J17","S000306",NA
"Macrophage_J19","Macrophage","G18",NA,NA,"GCGTTAGT",331,"RPI-12","CTTGTA","CGATTGAGGCCGGTAATACGACTCACTATAGGGGTTCAGAGTTCTACAGTCCGACGATCNNNNNNGCGTTAGTTTTTTTTTTTTTTTTTTTTTTTTTV","J19","S000306",NA
"Macrophage_J21","Macrophage","G20",NA,NA,"CGCATGAT",333,"RPI-12","CTTGTA","CGATTGAGGCCGGTAATACGACTCACTATAGGGGTTCAGAGTTCTACAGTCCGACGATCNNNNNNCGCATGATTTTTTTTTTTTTTTTTTTTTTTTTV","J21","S000306",NA
"Macrophage_O19","Macrophage",NA,NA,NA,"TCCAGTGA",451,"RPI-12","CTTGTA","CGATTGAGGCCGGTAATACGACTCACTATAGGGGTTCAGAGTTCTACAGTCCGACGATCNNNNNNTCCAGTGATTTTTTTTTTTTTTTTTTTTTTTTV","O19","S000306",NA
"Macrophage_O20","Macrophage",NA,NA,NA,"CGCAATAC",452,"RPI-12","CTTGTA","CGATTGAGGCCGGTAATACGACTCACTATAGGGGTTCAGAGTTCTACAGTCCGACGATCNNNNNNCGCAATACTTTTTTTTTTTTTTTTTTTTTTTTV","O20","S000306",NA
"Macrophage_O21","Macrophage",NA,NA,NA,"AGTGTCTG",453,"RPI-12","CTTGTA","CGATTGAGGCCGGTAATACGACTCACTATAGGGGTTCAGAGTTCTACAGTCCGACGATCNNNNNNAGTGTCTGTTTTTTTTTTTTTTTTTTTTTTTTV","O21","S000306",NA
"Macrophage_O22","Macrophage",NA,NA,NA,"CAACTAGC",454,"RPI-12","CTTGTA","CGATTGAGGCCGGTAATACGACTCACTATAGGGGTTCAGAGTTCTACAGTCCGACGATCNNNNNNCAACTAGCTTTTTTTTTTTTTTTTTTTTTTTTV","O22","S000306",NA
"Treg_A3","Treg",NA,NA,NA,"GGTCTATG",99,"RPI-6","GCCAAT","CGATTGAGGCCGGTAATACGACTCACTATAGGGGTTCAGAGTTCTACAGTCCGACGATCNNNNNNGGTCTATGTTTTTTTTTTTTTTTTTTTTTTTTV","A3","S000306_S000326",FALSE
"Treg_A4","Treg",NA,NA,NA,"GTCCGAAT",100,"RPI-6","GCCAAT","CGATTGAGGCCGGTAATACGACTCACTATAGGGGTTCAGAGTTCTACAGTCCGACGATCNNNNNNGTCCGAATTTTTTTTTTTTTTTTTTTTTTTTTV","A4","S000306_S000326",FALSE
"Treg_A5","Treg",NA,NA,NA,"TAGTGCGT",101,"RPI-6","GCCAAT","CGATTGAGGCCGGTAATACGACTCACTATAGGGGTTCAGAGTTCTACAGTCCGACGATCNNNNNNTAGTGCGTTTTTTTTTTTTTTTTTTTTTTTTTV","A5","S000306_S000326",FALSE
"Treg_A6","Treg",NA,"50 cell minibulk","Sp 3,4","GACTGTAC",102,"RPI-6","GCCAAT","CGATTGAGGCCGGTAATACGACTCACTATAGGGGTTCAGAGTTCTACAGTCCGACGATCNNNNNNGACTGTACTTTTTTTTTTTTTTTTTTTTTTTTV","A6","S000306_S000326",FALSE
"Treg_A7","Treg",NA,"50 cell minibulk","Sp 3,4","TCCAGTAG",103,"RPI-6","GCCAAT","CGATTGAGGCCGGTAATACGACTCACTATAGGGGTTCAGAGTTCTACAGTCCGACGATCNNNNNNTCCAGTAGTTTTTTTTTTTTTTTTTTTTTTTTV","A7","S000306_S000326",FALSE
"Treg_A8","Treg",NA,"50 cell minibulk","Sp 3,4","AGCGTTGT",104,"RPI-6","GCCAAT","CGATTGAGGCCGGTAATACGACTCACTATAGGGGTTCAGAGTTCTACAGTCCGACGATCNNNNNNAGCGTTGTTTTTTTTTTTTTTTTTTTTTTTTTV","A8","S000306_S000326",FALSE
"Treg_A9","Treg",NA,"50 cell minibulk","Sp 5,6","GATGCGTT",105,"RPI-6","GCCAAT","CGATTGAGGCCGGTAATACGACTCACTATAGGGGTTCAGAGTTCTACAGTCCGACGATCNNNNNNGATGCGTTTTTTTTTTTTTTTTTTTTTTTTTTV","A9","S000306_S000326",FALSE
"Treg_A10","Treg",NA,"50 cell minibulk","Sp 5,6","CCGTTAAG",106,"RPI-6","GCCAAT","CGATTGAGGCCGGTAATACGACTCACTATAGGGGTTCAGAGTTCTACAGTCCGACGATCNNNNNNCCGTTAAGTTTTTTTTTTTTTTTTTTTTTTTTV","A10","S000306_S000326",FALSE
"Treg_A11","Treg",NA,"50 cell minibulk","Sp 5,6","CAAGCCAT",107,"RPI-6","GCCAAT","CGATTGAGGCCGGTAATACGACTCACTATAGGGGTTCAGAGTTCTACAGTCCGACGATCNNNNNNCAAGCCATTTTTTTTTTTTTTTTTTTTTTTTTV","A11","S000306_S000326",FALSE
"Treg_A12","Treg",NA,"50 cell minibulk","Sp 7,8","CTCCAAGA",108,"RPI-6","GCCAAT","CGATTGAGGCCGGTAATACGACTCACTATAGGGGTTCAGAGTTCTACAGTCCGACGATCNNNNNNCTCCAAGATTTTTTTTTTTTTTTTTTTTTTTTV","A12","S000306_S000326",FALSE
"Treg_A13","Treg",NA,"50 cell minibulk","Sp 7,8","CTGCGTAA",109,"RPI-6","GCCAAT","CGATTGAGGCCGGTAATACGACTCACTATAGGGGTTCAGAGTTCTACAGTCCGACGATCNNNNNNCTGCGTAATTTTTTTTTTTTTTTTTTTTTTTTV","A13","S000306_S000326",FALSE
"Treg_A14","Treg",NA,"50 cell minibulk","Sp 7,8","GTCCAACA",110,"RPI-6","GCCAAT","CGATTGAGGCCGGTAATACGACTCACTATAGGGGTTCAGAGTTCTACAGTCCGACGATCNNNNNNGTCCAACATTTTTTTTTTTTTTTTTTTTTTTTV","A14","S000306_S000326",FALSE
"Treg_A15","Treg",NA,"50 cell minibulk","Sp 9,10","ACTTGTGG",111,"RPI-6","GCCAAT","CGATTGAGGCCGGTAATACGACTCACTATAGGGGTTCAGAGTTCTACAGTCCGACGATCNNNNNNACTTGTGGTTTTTTTTTTTTTTTTTTTTTTTTV","A15","S000306_S000326",FALSE
"Treg_A16","Treg",NA,"50 cell minibulk","Sp 9,10","AGCTCTGA",112,"RPI-6","GCCAAT","CGATTGAGGCCGGTAATACGACTCACTATAGGGGTTCAGAGTTCTACAGTCCGACGATCNNNNNNAGCTCTGATTTTTTTTTTTTTTTTTTTTTTTTV","A16","S000306_S000326",FALSE
"Treg_A17","Treg",NA,"50 cell minibulk","Sp 9,10","GCATTAGC",113,"RPI-6","GCCAAT","CGATTGAGGCCGGTAATACGACTCACTATAGGGGTTCAGAGTTCTACAGTCCGACGATCNNNNNNGCATTAGCTTTTTTTTTTTTTTTTTTTTTTTTV","A17","S000306_S000326",FALSE
"Treg_A18","Treg",NA,NA,NA,"CCTATGAG",114,"RPI-6","GCCAAT","CGATTGAGGCCGGTAATACGACTCACTATAGGGGTTCAGAGTTCTACAGTCCGACGATCNNNNNNCCTATGAGTTTTTTTTTTTTTTTTTTTTTTTTV","A18","S000306_S000326",FALSE
"Treg_A19","Treg",NA,NA,NA,"CAACGCTA",115,"RPI-6","GCCAAT","CGATTGAGGCCGGTAATACGACTCACTATAGGGGTTCAGAGTTCTACAGTCCGACGATCNNNNNNCAACGCTATTTTTTTTTTTTTTTTTTTTTTTTV","A19","S000306_S000326",FALSE
"Treg_A20","Treg",NA,NA,NA,"GCATAGTC",116,"RPI-6","GCCAAT","CGATTGAGGCCGGTAATACGACTCACTATAGGGGTTCAGAGTTCTACAGTCCGACGATCNNNNNNGCATAGTCTTTTTTTTTTTTTTTTTTTTTTTTV","A20","S000306_S000326",FALSE
"Treg_B3","Treg",NA,NA,NA,"AGCAGCTT",123,"RPI-6","GCCAAT","CGATTGAGGCCGGTAATACGACTCACTATAGGGGTTCAGAGTTCTACAGTCCGACGATCNNNNNNAGCAGCTTTTTTTTTTTTTTTTTTTTTTTTTTV","B3","S000306_S000326",TRUE
"Treg_B4","Treg",NA,NA,NA,"TCACAGAC",124,"RPI-6","GCCAAT","CGATTGAGGCCGGTAATACGACTCACTATAGGGGTTCAGAGTTCTACAGTCCGACGATCNNNNNNTCACAGACTTTTTTTTTTTTTTTTTTTTTTTTV","B4","S000306_S000326",TRUE
"Treg_B5","Treg",NA,NA,NA,"CCTGTAAG",125,"RPI-6","GCCAAT","CGATTGAGGCCGGTAATACGACTCACTATAGGGGTTCAGAGTTCTACAGTCCGACGATCNNNNNNCCTGTAAGTTTTTTTTTTTTTTTTTTTTTTTTV","B5","S000306_S000326",TRUE
"Treg_B6","Treg",NA,NA,NA,"ATGACTGC",126,"RPI-6","GCCAAT","CGATTGAGGCCGGTAATACGACTCACTATAGGGGTTCAGAGTTCTACAGTCCGACGATCNNNNNNATGACTGCTTTTTTTTTTTTTTTTTTTTTTTTV","B6","S000306_S000326",TRUE
"Treg_B9","Treg",NA,NA,NA,"GCCTTAAG",129,"RPI-6","GCCAAT","CGATTGAGGCCGGTAATACGACTCACTATAGGGGTTCAGAGTTCTACAGTCCGACGATCNNNNNNGCCTTAAGTTTTTTTTTTTTTTTTTTTTTTTTV","B9","S000306_S000326",TRUE
"Treg_B10","Treg",NA,NA,NA,"GCACGTAT",130,"RPI-6","GCCAAT","CGATTGAGGCCGGTAATACGACTCACTATAGGGGTTCAGAGTTCTACAGTCCGACGATCNNNNNNGCACGTATTTTTTTTTTTTTTTTTTTTTTTTTV","B10","S000306_S000326",TRUE
"Treg_B11","Treg",NA,NA,NA,"CAACGTAC",131,"RPI-6","GCCAAT","CGATTGAGGCCGGTAATACGACTCACTATAGGGGTTCAGAGTTCTACAGTCCGACGATCNNNNNNCAACGTACTTTTTTTTTTTTTTTTTTTTTTTTV","B11","S000306_S000326",TRUE
"Treg_B12","Treg",NA,NA,NA,"GCGTACAT",132,"RPI-6","GCCAAT","CGATTGAGGCCGGTAATACGACTCACTATAGGGGTTCAGAGTTCTACAGTCCGACGATCNNNNNNGCGTACATTTTTTTTTTTTTTTTTTTTTTTTTV","B12","S000306_S000326",TRUE
"Treg_B13","Treg",NA,NA,NA,"TATCCAGG",133,"RPI-6","GCCAAT","CGATTGAGGCCGGTAATACGACTCACTATAGGGGTTCAGAGTTCTACAGTCCGACGATCNNNNNNTATCCAGGTTTTTTTTTTTTTTTTTTTTTTTTV","B13","S000306_S000326",TRUE
"Treg_B14","Treg",NA,NA,NA,"CCGATATG",134,"RPI-6","GCCAAT","CGATTGAGGCCGGTAATACGACTCACTATAGGGGTTCAGAGTTCTACAGTCCGACGATCNNNNNNCCGATATGTTTTTTTTTTTTTTTTTTTTTTTTV","B14","S000306_S000326",TRUE
"Treg_B15","Treg",NA,NA,NA,"GTGTTAGC",135,"RPI-6","GCCAAT","CGATTGAGGCCGGTAATACGACTCACTATAGGGGTTCAGAGTTCTACAGTCCGACGATCNNNNNNGTGTTAGCTTTTTTTTTTTTTTTTTTTTTTTTV","B15","S000306_S000326",FALSE
"Treg_B16","Treg",NA,NA,NA,"GTGGTTGT",136,"RPI-6","GCCAAT","CGATTGAGGCCGGTAATACGACTCACTATAGGGGTTCAGAGTTCTACAGTCCGACGATCNNNNNNGTGGTTGTTTTTTTTTTTTTTTTTTTTTTTTTV","B16","S000306_S000326",FALSE
"Treg_B17","Treg",NA,NA,NA,"GTTGCTGA",137,"RPI-6","GCCAAT","CGATTGAGGCCGGTAATACGACTCACTATAGGGGTTCAGAGTTCTACAGTCCGACGATCNNNNNNGTTGCTGATTTTTTTTTTTTTTTTTTTTTTTTV","B17","S000306_S000326",FALSE
"Treg_B18","Treg",NA,NA,NA,"CCTGGATA",138,"RPI-6","GCCAAT","CGATTGAGGCCGGTAATACGACTCACTATAGGGGTTCAGAGTTCTACAGTCCGACGATCNNNNNNCCTGGATATTTTTTTTTTTTTTTTTTTTTTTTV","B18","S000306_S000326",FALSE
"Treg_B19","Treg",NA,NA,NA,"ACCGACAT",139,"RPI-6","GCCAAT","CGATTGAGGCCGGTAATACGACTCACTATAGGGGTTCAGAGTTCTACAGTCCGACGATCNNNNNNACCGACATTTTTTTTTTTTTTTTTTTTTTTTTV","B19","S000306_S000326",FALSE
"Treg_B20","Treg",NA,NA,NA,"ATGCTGAC",140,"RPI-6","GCCAAT","CGATTGAGGCCGGTAATACGACTCACTATAGGGGTTCAGAGTTCTACAGTCCGACGATCNNNNNNATGCTGACTTTTTTTTTTTTTTTTTTTTTTTTV","B20","S000306_S000326",FALSE
"Treg_C3","Treg",NA,NA,NA,"GGACTTAC",147,"RPI-6","GCCAAT","CGATTGAGGCCGGTAATACGACTCACTATAGGGGTTCAGAGTTCTACAGTCCGACGATCNNNNNNGGACTTACTTTTTTTTTTTTTTTTTTTTTTTTV","C3","S000306_S000326",FALSE
"Treg_C4","Treg",NA,NA,NA,"CTATCGGA",148,"RPI-6","GCCAAT","CGATTGAGGCCGGTAATACGACTCACTATAGGGGTTCAGAGTTCTACAGTCCGACGATCNNNNNNCTATCGGATTTTTTTTTTTTTTTTTTTTTTTTV","C4","S000306_S000326",FALSE
"Treg_C5","Treg",NA,NA,NA,"ACGCGTTA",149,"RPI-6","GCCAAT","CGATTGAGGCCGGTAATACGACTCACTATAGGGGTTCAGAGTTCTACAGTCCGACGATCNNNNNNACGCGTTATTTTTTTTTTTTTTTTTTTTTTTTV","C5","S000306_S000326",FALSE
"Treg_C6","Treg",NA,NA,NA,"TACGCTGA",150,"RPI-6","GCCAAT","CGATTGAGGCCGGTAATACGACTCACTATAGGGGTTCAGAGTTCTACAGTCCGACGATCNNNNNNTACGCTGATTTTTTTTTTTTTTTTTTTTTTTTV","C6","S000306_S000326",TRUE
"Treg_C7","Treg",NA,NA,NA,"ACTACACG",151,"RPI-6","GCCAAT","CGATTGAGGCCGGTAATACGACTCACTATAGGGGTTCAGAGTTCTACAGTCCGACGATCNNNNNNACTACACGTTTTTTTTTTTTTTTTTTTTTTTTV","C7","S000306_S000326",TRUE
"Treg_C8","Treg",NA,NA,NA,"ATCACGAC",152,"RPI-6","GCCAAT","CGATTGAGGCCGGTAATACGACTCACTATAGGGGTTCAGAGTTCTACAGTCCGACGATCNNNNNNATCACGACTTTTTTTTTTTTTTTTTTTTTTTTV","C8","S000306_S000326",TRUE
"Treg_C9","Treg",NA,NA,NA,"CATCAAGC",153,"RPI-6","GCCAAT","CGATTGAGGCCGGTAATACGACTCACTATAGGGGTTCAGAGTTCTACAGTCCGACGATCNNNNNNCATCAAGCTTTTTTTTTTTTTTTTTTTTTTTTV","C9","S000306_S000326",TRUE
"Treg_C10","Treg",NA,NA,NA,"ACTGTTGG",154,"RPI-6","GCCAAT","CGATTGAGGCCGGTAATACGACTCACTATAGGGGTTCAGAGTTCTACAGTCCGACGATCNNNNNNACTGTTGGTTTTTTTTTTTTTTTTTTTTTTTTV","C10","S000306_S000326",TRUE
"Treg_C11","Treg",NA,NA,NA,"TCAGTGCA",155,"RPI-6","GCCAAT","CGATTGAGGCCGGTAATACGACTCACTATAGGGGTTCAGAGTTCTACAGTCCGACGATCNNNNNNTCAGTGCATTTTTTTTTTTTTTTTTTTTTTTTV","C11","S000306_S000326",TRUE
"Treg_C12","Treg",NA,NA,NA,"GCGATATC",156,"RPI-6","GCCAAT","CGATTGAGGCCGGTAATACGACTCACTATAGGGGTTCAGAGTTCTACAGTCCGACGATCNNNNNNGCGATATCTTTTTTTTTTTTTTTTTTTTTTTTV","C12","S000306_S000326",FALSE
"Treg_C15","Treg",NA,NA,NA,"CTCACGAA",159,"RPI-6","GCCAAT","CGATTGAGGCCGGTAATACGACTCACTATAGGGGTTCAGAGTTCTACAGTCCGACGATCNNNNNNCTCACGAATTTTTTTTTTTTTTTTTTTTTTTTV","C15","S000306_S000326",FALSE
"Treg_C16","Treg",NA,NA,NA,"AGTCACGT",160,"RPI-6","GCCAAT","CGATTGAGGCCGGTAATACGACTCACTATAGGGGTTCAGAGTTCTACAGTCCGACGATCNNNNNNAGTCACGTTTTTTTTTTTTTTTTTTTTTTTTTV","C16","S000306_S000326",FALSE
"Treg_C17","Treg",NA,NA,NA,"CACGGTAT",161,"RPI-6","GCCAAT","CGATTGAGGCCGGTAATACGACTCACTATAGGGGTTCAGAGTTCTACAGTCCGACGATCNNNNNNCACGGTATTTTTTTTTTTTTTTTTTTTTTTTTV","C17","S000306_S000326",FALSE
"Treg_C18","Treg",NA,NA,NA,"GGCACTTA",162,"RPI-6","GCCAAT","CGATTGAGGCCGGTAATACGACTCACTATAGGGGTTCAGAGTTCTACAGTCCGACGATCNNNNNNGGCACTTATTTTTTTTTTTTTTTTTTTTTTTTV","C18","S000306_S000326",FALSE
"Treg_C19","Treg",NA,NA,NA,"TGCACGTA",163,"RPI-6","GCCAAT","CGATTGAGGCCGGTAATACGACTCACTATAGGGGTTCAGAGTTCTACAGTCCGACGATCNNNNNNTGCACGTATTTTTTTTTTTTTTTTTTTTTTTTV","C19","S000306_S000326",FALSE
"Treg_C20","Treg",NA,NA,NA,"GGTTATGC",164,"RPI-6","GCCAAT","CGATTGAGGCCGGTAATACGACTCACTATAGGGGTTCAGAGTTCTACAGTCCGACGATCNNNNNNGGTTATGCTTTTTTTTTTTTTTTTTTTTTTTTV","C20","S000306_S000326",FALSE
"Treg_D3","Treg",NA,NA,NA,"ATTGCGTG",171,"RPI-6","GCCAAT","CGATTGAGGCCGGTAATACGACTCACTATAGGGGTTCAGAGTTCTACAGTCCGACGATCNNNNNNATTGCGTGTTTTTTTTTTTTTTTTTTTTTTTTV","D3","S000306_S000326",TRUE
"Treg_D4","Treg",NA,NA,NA,"CTACGCAA",172,"RPI-6","GCCAAT","CGATTGAGGCCGGTAATACGACTCACTATAGGGGTTCAGAGTTCTACAGTCCGACGATCNNNNNNCTACGCAATTTTTTTTTTTTTTTTTTTTTTTTV","D4","S000306_S000326",TRUE
"Treg_D5","Treg",NA,NA,NA,"GCTAAGCT",173,"RPI-6","GCCAAT","CGATTGAGGCCGGTAATACGACTCACTATAGGGGTTCAGAGTTCTACAGTCCGACGATCNNNNNNGCTAAGCTTTTTTTTTTTTTTTTTTTTTTTTTV","D5","S000306_S000326",TRUE
"Treg_D6","Treg",NA,NA,NA,"ATGCCAGT",174,"RPI-6","GCCAAT","CGATTGAGGCCGGTAATACGACTCACTATAGGGGTTCAGAGTTCTACAGTCCGACGATCNNNNNNATGCCAGTTTTTTTTTTTTTTTTTTTTTTTTTV","D6","S000306_S000326",TRUE
"Treg_D9","Treg",NA,NA,NA,"CAGTGCTA",177,"RPI-6","GCCAAT","CGATTGAGGCCGGTAATACGACTCACTATAGGGGTTCAGAGTTCTACAGTCCGACGATCNNNNNNCAGTGCTATTTTTTTTTTTTTTTTTTTTTTTTV","D9","S000306_S000326",FALSE
"Treg_D10","Treg",NA,NA,NA,"CGTGAATC",178,"RPI-6","GCCAAT","CGATTGAGGCCGGTAATACGACTCACTATAGGGGTTCAGAGTTCTACAGTCCGACGATCNNNNNNCGTGAATCTTTTTTTTTTTTTTTTTTTTTTTTV","D10","S000306_S000326",FALSE
"Treg_D11","Treg",NA,NA,NA,"GGTAACTC",179,"RPI-6","GCCAAT","CGATTGAGGCCGGTAATACGACTCACTATAGGGGTTCAGAGTTCTACAGTCCGACGATCNNNNNNGGTAACTCTTTTTTTTTTTTTTTTTTTTTTTTV","D11","S000306_S000326",FALSE
"Treg_D12","Treg",NA,NA,NA,"CACTAGCA",180,"RPI-6","GCCAAT","CGATTGAGGCCGGTAATACGACTCACTATAGGGGTTCAGAGTTCTACAGTCCGACGATCNNNNNNCACTAGCATTTTTTTTTTTTTTTTTTTTTTTTV","D12","S000306_S000326",TRUE
"Treg_D15","Treg",NA,NA,NA,"GGATGCTT",183,"RPI-6","GCCAAT","CGATTGAGGCCGGTAATACGACTCACTATAGGGGTTCAGAGTTCTACAGTCCGACGATCNNNNNNGGATGCTTTTTTTTTTTTTTTTTTTTTTTTTTV","D15","S000306_S000326",FALSE
"Treg_D16","Treg",NA,NA,NA,"TCAGGTGT",184,"RPI-6","GCCAAT","CGATTGAGGCCGGTAATACGACTCACTATAGGGGTTCAGAGTTCTACAGTCCGACGATCNNNNNNTCAGGTGTTTTTTTTTTTTTTTTTTTTTTTTTV","D16","S000306_S000326",FALSE
"Treg_D17","Treg",NA,NA,NA,"TAGCTCAG",185,"RPI-6","GCCAAT","CGATTGAGGCCGGTAATACGACTCACTATAGGGGTTCAGAGTTCTACAGTCCGACGATCNNNNNNTAGCTCAGTTTTTTTTTTTTTTTTTTTTTTTTV","D17","S000306_S000326",FALSE
"Treg_D18","Treg",NA,NA,NA,"TAGCGATC",186,"RPI-6","GCCAAT","CGATTGAGGCCGGTAATACGACTCACTATAGGGGTTCAGAGTTCTACAGTCCGACGATCNNNNNNTAGCGATCTTTTTTTTTTTTTTTTTTTTTTTTV","D18","S000306_S000326",FALSE
"Treg_D19","Treg",NA,NA,NA,"CCTAGTAG",187,"RPI-6","GCCAAT","CGATTGAGGCCGGTAATACGACTCACTATAGGGGTTCAGAGTTCTACAGTCCGACGATCNNNNNNCCTAGTAGTTTTTTTTTTTTTTTTTTTTTTTTV","D19","S000306_S000326",FALSE
"Treg_D20","Treg",NA,NA,NA,"CAGCTTAG",188,"RPI-6","GCCAAT","CGATTGAGGCCGGTAATACGACTCACTATAGGGGTTCAGAGTTCTACAGTCCGACGATCNNNNNNCAGCTTAGTTTTTTTTTTTTTTTTTTTTTTTTV","D20","S000306_S000326",FALSE
"Treg_E6","Treg",NA,NA,NA,"GTACTTGG",198,"RPI-6","GCCAAT","CGATTGAGGCCGGTAATACGACTCACTATAGGGGTTCAGAGTTCTACAGTCCGACGATCNNNNNNGTACTTGGTTTTTTTTTTTTTTTTTTTTTTTTV","E6","S000306_S000326",FALSE
"Treg_E7","Treg",NA,NA,NA,"TAGGTGCT",199,"RPI-6","GCCAAT","CGATTGAGGCCGGTAATACGACTCACTATAGGGGTTCAGAGTTCTACAGTCCGACGATCNNNNNNTAGGTGCTTTTTTTTTTTTTTTTTTTTTTTTTV","E7","S000306_S000326",FALSE
"Treg_E8","Treg",NA,NA,NA,"AGCTTGCA",200,"RPI-6","GCCAAT","CGATTGAGGCCGGTAATACGACTCACTATAGGGGTTCAGAGTTCTACAGTCCGACGATCNNNNNNAGCTTGCATTTTTTTTTTTTTTTTTTTTTTTTV","E8","S000306_S000326",FALSE
"Treg_E9","Treg",NA,NA,NA,"AGTGACTC",201,"RPI-6","GCCAAT","CGATTGAGGCCGGTAATACGACTCACTATAGGGGTTCAGAGTTCTACAGTCCGACGATCNNNNNNAGTGACTCTTTTTTTTTTTTTTTTTTTTTTTTV","E9","S000306_S000326",FALSE
"Treg_E10","Treg",NA,NA,NA,"TACGAGTC",202,"RPI-6","GCCAAT","CGATTGAGGCCGGTAATACGACTCACTATAGGGGTTCAGAGTTCTACAGTCCGACGATCNNNNNNTACGAGTCTTTTTTTTTTTTTTTTTTTTTTTTV","E10","S000306_S000326",FALSE
"Treg_E11","Treg",NA,NA,NA,"GTGCGTAT",203,"RPI-6","GCCAAT","CGATTGAGGCCGGTAATACGACTCACTATAGGGGTTCAGAGTTCTACAGTCCGACGATCNNNNNNGTGCGTATTTTTTTTTTTTTTTTTTTTTTTTTV","E11","S000306_S000326",FALSE
"Treg_E12","Treg",NA,NA,NA,"CGACACAT",204,"RPI-6","GCCAAT","CGATTGAGGCCGGTAATACGACTCACTATAGGGGTTCAGAGTTCTACAGTCCGACGATCNNNNNNCGACACATTTTTTTTTTTTTTTTTTTTTTTTTV","E12","S000306_S000326",FALSE
"Treg_E13","Treg",NA,NA,NA,"TCGACTAG",205,"RPI-6","GCCAAT","CGATTGAGGCCGGTAATACGACTCACTATAGGGGTTCAGAGTTCTACAGTCCGACGATCNNNNNNTCGACTAGTTTTTTTTTTTTTTTTTTTTTTTTV","E13","S000306_S000326",FALSE
"Treg_E14","Treg",NA,NA,NA,"TCACGGTA",206,"RPI-6","GCCAAT","CGATTGAGGCCGGTAATACGACTCACTATAGGGGTTCAGAGTTCTACAGTCCGACGATCNNNNNNTCACGGTATTTTTTTTTTTTTTTTTTTTTTTTV","E14","S000306_S000326",FALSE
"Treg_E15","Treg",NA,NA,NA,"ATGGTGCT",207,"RPI-6","GCCAAT","CGATTGAGGCCGGTAATACGACTCACTATAGGGGTTCAGAGTTCTACAGTCCGACGATCNNNNNNATGGTGCTTTTTTTTTTTTTTTTTTTTTTTTTV","E15","S000306_S000326",FALSE
"Treg_E16","Treg",NA,NA,NA,"GTACTGTG",208,"RPI-6","GCCAAT","CGATTGAGGCCGGTAATACGACTCACTATAGGGGTTCAGAGTTCTACAGTCCGACGATCNNNNNNGTACTGTGTTTTTTTTTTTTTTTTTTTTTTTTV","E16","S000306_S000326",FALSE
"Treg_E17","Treg",NA,NA,NA,"CGATTGTG",209,"RPI-6","GCCAAT","CGATTGAGGCCGGTAATACGACTCACTATAGGGGTTCAGAGTTCTACAGTCCGACGATCNNNNNNCGATTGTGTTTTTTTTTTTTTTTTTTTTTTTTV","E17","S000306_S000326",FALSE
"Treg_F3","Treg",NA,NA,NA,"AGGAGGAA",219,"RPI-6","GCCAAT","CGATTGAGGCCGGTAATACGACTCACTATAGGGGTTCAGAGTTCTACAGTCCGACGATCNNNNNNAGGAGGAATTTTTTTTTTTTTTTTTTTTTTTTV","F3","S000306_S000326",FALSE
"Treg_F4","Treg",NA,NA,NA,"GTCGCTAA",220,"RPI-6","GCCAAT","CGATTGAGGCCGGTAATACGACTCACTATAGGGGTTCAGAGTTCTACAGTCCGACGATCNNNNNNGTCGCTAATTTTTTTTTTTTTTTTTTTTTTTTV","F4","S000306_S000326",FALSE
"Treg_F5","Treg",NA,NA,NA,"ATAGGCTC",221,"RPI-6","GCCAAT","CGATTGAGGCCGGTAATACGACTCACTATAGGGGTTCAGAGTTCTACAGTCCGACGATCNNNNNNATAGGCTCTTTTTTTTTTTTTTTTTTTTTTTTV","F5","S000306_S000326",FALSE
"Treg_F6","Treg",NA,NA,NA,"GAGAGGAA",222,"RPI-6","GCCAAT","CGATTGAGGCCGGTAATACGACTCACTATAGGGGTTCAGAGTTCTACAGTCCGACGATCNNNNNNGAGAGGAATTTTTTTTTTTTTTTTTTTTTTTTV","F6","S000306_S000326",FALSE
"Treg_F7","Treg",NA,NA,NA,"ACACAGCT",223,"RPI-6","GCCAAT","CGATTGAGGCCGGTAATACGACTCACTATAGGGGTTCAGAGTTCTACAGTCCGACGATCNNNNNNACACAGCTTTTTTTTTTTTTTTTTTTTTTTTTV","F7","S000306_S000326",FALSE
"Treg_F8","Treg",NA,NA,NA,"CGACGTAT",224,"RPI-6","GCCAAT","CGATTGAGGCCGGTAATACGACTCACTATAGGGGTTCAGAGTTCTACAGTCCGACGATCNNNNNNCGACGTATTTTTTTTTTTTTTTTTTTTTTTTTV","F8","S000306_S000326",FALSE
"Treg_F9","Treg",NA,NA,NA,"ACATGCCA",225,"RPI-6","GCCAAT","CGATTGAGGCCGGTAATACGACTCACTATAGGGGTTCAGAGTTCTACAGTCCGACGATCNNNNNNACATGCCATTTTTTTTTTTTTTTTTTTTTTTTV","F9","S000306_S000326",FALSE
"Treg_F10","Treg",NA,NA,NA,"GTTCCAAG",226,"RPI-6","GCCAAT","CGATTGAGGCCGGTAATACGACTCACTATAGGGGTTCAGAGTTCTACAGTCCGACGATCNNNNNNGTTCCAAGTTTTTTTTTTTTTTTTTTTTTTTTV","F10","S000306_S000326",TRUE
"Treg_F12","Treg",NA,NA,NA,"TGATGCTG",228,"RPI-6","GCCAAT","CGATTGAGGCCGGTAATACGACTCACTATAGGGGTTCAGAGTTCTACAGTCCGACGATCNNNNNNTGATGCTGTTTTTTTTTTTTTTTTTTTTTTTTV","F12","S000306_S000326",FALSE
"Treg_F13","Treg",NA,NA,NA,"TACCGATG",229,"RPI-6","GCCAAT","CGATTGAGGCCGGTAATACGACTCACTATAGGGGTTCAGAGTTCTACAGTCCGACGATCNNNNNNTACCGATGTTTTTTTTTTTTTTTTTTTTTTTTV","F13","S000306_S000326",FALSE
"Treg_F14","Treg",NA,NA,NA,"TACAGGCT",230,"RPI-6","GCCAAT","CGATTGAGGCCGGTAATACGACTCACTATAGGGGTTCAGAGTTCTACAGTCCGACGATCNNNNNNTACAGGCTTTTTTTTTTTTTTTTTTTTTTTTTV","F14","S000306_S000326",FALSE
"Treg_F15","Treg",NA,NA,NA,"AGCTTACG",231,"RPI-6","GCCAAT","CGATTGAGGCCGGTAATACGACTCACTATAGGGGTTCAGAGTTCTACAGTCCGACGATCNNNNNNAGCTTACGTTTTTTTTTTTTTTTTTTTTTTTTV","F15","S000306_S000326",FALSE
"Treg_F16","Treg",NA,NA,NA,"GAGTTCCA",232,"RPI-6","GCCAAT","CGATTGAGGCCGGTAATACGACTCACTATAGGGGTTCAGAGTTCTACAGTCCGACGATCNNNNNNGAGTTCCATTTTTTTTTTTTTTTTTTTTTTTTV","F16","S000306_S000326",FALSE
"Treg_F17","Treg",NA,NA,NA,"GCTGCATA",233,"RPI-6","GCCAAT","CGATTGAGGCCGGTAATACGACTCACTATAGGGGTTCAGAGTTCTACAGTCCGACGATCNNNNNNGCTGCATATTTTTTTTTTTTTTTTTTTTTTTTV","F17","S000306_S000326",FALSE
"Treg_F18","Treg",NA,NA,NA,"TACCACGA",234,"RPI-6","GCCAAT","CGATTGAGGCCGGTAATACGACTCACTATAGGGGTTCAGAGTTCTACAGTCCGACGATCNNNNNNTACCACGATTTTTTTTTTTTTTTTTTTTTTTTV","F18","S000306_S000326",TRUE
"Treg_F19","Treg",NA,NA,NA,"ACACACGT",235,"RPI-6","GCCAAT","CGATTGAGGCCGGTAATACGACTCACTATAGGGGTTCAGAGTTCTACAGTCCGACGATCNNNNNNACACACGTTTTTTTTTTTTTTTTTTTTTTTTTV","F19","S000306_S000326",TRUE
"Treg_F20","Treg",NA,NA,NA,"CTGCAACA",236,"RPI-6","GCCAAT","CGATTGAGGCCGGTAATACGACTCACTATAGGGGTTCAGAGTTCTACAGTCCGACGATCNNNNNNCTGCAACATTTTTTTTTTTTTTTTTTTTTTTTV","F20","S000306_S000326",TRUE
"Treg_F21","Treg",NA,NA,NA,"GTAGACCT",237,"RPI-6","GCCAAT","CGATTGAGGCCGGTAATACGACTCACTATAGGGGTTCAGAGTTCTACAGTCCGACGATCNNNNNNGTAGACCTTTTTTTTTTTTTTTTTTTTTTTTTV","F21","S000306_S000326",TRUE
"Treg_F22","Treg",NA,NA,NA,"TGCCAGTA",238,"RPI-6","GCCAAT","CGATTGAGGCCGGTAATACGACTCACTATAGGGGTTCAGAGTTCTACAGTCCGACGATCNNNNNNTGCCAGTATTTTTTTTTTTTTTTTTTTTTTTTV","F22","S000306_S000326",TRUE
"Treg_F23","Treg",NA,NA,NA,"AGCGTTAC",239,"RPI-6","GCCAAT","CGATTGAGGCCGGTAATACGACTCACTATAGGGGTTCAGAGTTCTACAGTCCGACGATCNNNNNNAGCGTTACTTTTTTTTTTTTTTTTTTTTTTTTV","F23","S000306_S000326",TRUE
"Treg_G3","Treg",NA,NA,NA,"CGAACTGT",243,"RPI-6","GCCAAT","CGATTGAGGCCGGTAATACGACTCACTATAGGGGTTCAGAGTTCTACAGTCCGACGATCNNNNNNCGAACTGTTTTTTTTTTTTTTTTTTTTTTTTTV","G3","S000306_S000326",FALSE
"Treg_G4","Treg",NA,NA,NA,"GATTCGCA",244,"RPI-6","GCCAAT","CGATTGAGGCCGGTAATACGACTCACTATAGGGGTTCAGAGTTCTACAGTCCGACGATCNNNNNNGATTCGCATTTTTTTTTTTTTTTTTTTTTTTTV","G4","S000306_S000326",FALSE
"Treg_G5","Treg",NA,NA,NA,"ACCGTTAG",245,"RPI-6","GCCAAT","CGATTGAGGCCGGTAATACGACTCACTATAGGGGTTCAGAGTTCTACAGTCCGACGATCNNNNNNACCGTTAGTTTTTTTTTTTTTTTTTTTTTTTTV","G5","S000306_S000326",FALSE
"Treg_G6","Treg",NA,NA,NA,"CCGATAGT",246,"RPI-6","GCCAAT","CGATTGAGGCCGGTAATACGACTCACTATAGGGGTTCAGAGTTCTACAGTCCGACGATCNNNNNNCCGATAGTTTTTTTTTTTTTTTTTTTTTTTTTV","G6","S000306_S000326",FALSE
"Treg_G7","Treg",NA,NA,NA,"GAATCGTC",247,"RPI-6","GCCAAT","CGATTGAGGCCGGTAATACGACTCACTATAGGGGTTCAGAGTTCTACAGTCCGACGATCNNNNNNGAATCGTCTTTTTTTTTTTTTTTTTTTTTTTTV","G7","S000306_S000326",FALSE
"Treg_G8","Treg",NA,NA,NA,"GTAGGTCT",248,"RPI-6","GCCAAT","CGATTGAGGCCGGTAATACGACTCACTATAGGGGTTCAGAGTTCTACAGTCCGACGATCNNNNNNGTAGGTCTTTTTTTTTTTTTTTTTTTTTTTTTV","G8","S000306_S000326",FALSE
"Treg_G9","Treg",NA,NA,NA,"GATTCGGT",249,"RPI-6","GCCAAT","CGATTGAGGCCGGTAATACGACTCACTATAGGGGTTCAGAGTTCTACAGTCCGACGATCNNNNNNGATTCGGTTTTTTTTTTTTTTTTTTTTTTTTTV","G9","S000306_S000326",FALSE
"Treg_G12","Treg",NA,NA,NA,"GTGTAGCT",252,"RPI-6","GCCAAT","CGATTGAGGCCGGTAATACGACTCACTATAGGGGTTCAGAGTTCTACAGTCCGACGATCNNNNNNGTGTAGCTTTTTTTTTTTTTTTTTTTTTTTTTV","G12","S000306_S000326",FALSE
"Treg_G13","Treg",NA,NA,NA,"GGTCAATC",253,"RPI-6","GCCAAT","CGATTGAGGCCGGTAATACGACTCACTATAGGGGTTCAGAGTTCTACAGTCCGACGATCNNNNNNGGTCAATCTTTTTTTTTTTTTTTTTTTTTTTTV","G13","S000306_S000326",FALSE
"Treg_G14","Treg",NA,NA,NA,"TGTCGATG",254,"RPI-6","GCCAAT","CGATTGAGGCCGGTAATACGACTCACTATAGGGGTTCAGAGTTCTACAGTCCGACGATCNNNNNNTGTCGATGTTTTTTTTTTTTTTTTTTTTTTTTV","G14","S000306_S000326",FALSE
"Treg_G15","Treg",NA,NA,NA,"CCAACTAG",255,"RPI-6","GCCAAT","CGATTGAGGCCGGTAATACGACTCACTATAGGGGTTCAGAGTTCTACAGTCCGACGATCNNNNNNCCAACTAGTTTTTTTTTTTTTTTTTTTTTTTTV","G15","S000306_S000326",FALSE
"Treg_G16","Treg",NA,NA,NA,"AATCCGCA",256,"RPI-6","GCCAAT","CGATTGAGGCCGGTAATACGACTCACTATAGGGGTTCAGAGTTCTACAGTCCGACGATCNNNNNNAATCCGCATTTTTTTTTTTTTTTTTTTTTTTTV","G16","S000306_S000326",FALSE
"Treg_G17","Treg",NA,NA,NA,"GCTACAAC",257,"RPI-6","GCCAAT","CGATTGAGGCCGGTAATACGACTCACTATAGGGGTTCAGAGTTCTACAGTCCGACGATCNNNNNNGCTACAACTTTTTTTTTTTTTTTTTTTTTTTTV","G17","S000306_S000326",FALSE
"Treg_G18","Treg",NA,NA,NA,"CGATTCAG",258,"RPI-6","GCCAAT","CGATTGAGGCCGGTAATACGACTCACTATAGGGGTTCAGAGTTCTACAGTCCGACGATCNNNNNNCGATTCAGTTTTTTTTTTTTTTTTTTTTTTTTV","G18","S000306_S000326",FALSE
"Treg_G19","Treg",NA,NA,NA,"GTACGACT",259,"RPI-6","GCCAAT","CGATTGAGGCCGGTAATACGACTCACTATAGGGGTTCAGAGTTCTACAGTCCGACGATCNNNNNNGTACGACTTTTTTTTTTTTTTTTTTTTTTTTTV","G19","S000306_S000326",FALSE
"Treg_G20","Treg",NA,NA,NA,"CGACATAC",260,"RPI-6","GCCAAT","CGATTGAGGCCGGTAATACGACTCACTATAGGGGTTCAGAGTTCTACAGTCCGACGATCNNNNNNCGACATACTTTTTTTTTTTTTTTTTTTTTTTTV","G20","S000306_S000326",FALSE
"Treg_G21","Treg",NA,NA,NA,"ATAGCGTC",261,"RPI-6","GCCAAT","CGATTGAGGCCGGTAATACGACTCACTATAGGGGTTCAGAGTTCTACAGTCCGACGATCNNNNNNATAGCGTCTTTTTTTTTTTTTTTTTTTTTTTTV","G21","S000306_S000326",TRUE
"Treg_G22","Treg",NA,NA,NA,"AACCAGTC",262,"RPI-6","GCCAAT","CGATTGAGGCCGGTAATACGACTCACTATAGGGGTTCAGAGTTCTACAGTCCGACGATCNNNNNNAACCAGTCTTTTTTTTTTTTTTTTTTTTTTTTV","G22","S000306_S000326",TRUE
"Treg_H3","Treg",NA,NA,NA,"CGAATCGT",267,"RPI-6","GCCAAT","CGATTGAGGCCGGTAATACGACTCACTATAGGGGTTCAGAGTTCTACAGTCCGACGATCNNNNNNCGAATCGTTTTTTTTTTTTTTTTTTTTTTTTTV","H3","S000306_S000326",FALSE
"Treg_H4","Treg",NA,NA,NA,"GTGCATGT",268,"RPI-6","GCCAAT","CGATTGAGGCCGGTAATACGACTCACTATAGGGGTTCAGAGTTCTACAGTCCGACGATCNNNNNNGTGCATGTTTTTTTTTTTTTTTTTTTTTTTTTV","H4","S000306_S000326",FALSE
"Treg_H5","Treg",NA,NA,NA,"AGTTGCTG",269,"RPI-6","GCCAAT","CGATTGAGGCCGGTAATACGACTCACTATAGGGGTTCAGAGTTCTACAGTCCGACGATCNNNNNNAGTTGCTGTTTTTTTTTTTTTTTTTTTTTTTTV","H5","S000306_S000326",FALSE
"Treg_H6","Treg",NA,NA,NA,"GTAACGCT",270,"RPI-6","GCCAAT","CGATTGAGGCCGGTAATACGACTCACTATAGGGGTTCAGAGTTCTACAGTCCGACGATCNNNNNNGTAACGCTTTTTTTTTTTTTTTTTTTTTTTTTV","H6","S000306_S000326",FALSE
"Treg_H7","Treg",NA,NA,NA,"CGAACACT",271,"RPI-6","GCCAAT","CGATTGAGGCCGGTAATACGACTCACTATAGGGGTTCAGAGTTCTACAGTCCGACGATCNNNNNNCGAACACTTTTTTTTTTTTTTTTTTTTTTTTTV","H7","S000306_S000326",FALSE
"Treg_H8","Treg",NA,NA,NA,"GGAACTCT",272,"RPI-6","GCCAAT","CGATTGAGGCCGGTAATACGACTCACTATAGGGGTTCAGAGTTCTACAGTCCGACGATCNNNNNNGGAACTCTTTTTTTTTTTTTTTTTTTTTTTTTV","H8","S000306_S000326",FALSE
"Treg_H9","Treg",NA,NA,NA,"AGTCGTAC",273,"RPI-6","GCCAAT","CGATTGAGGCCGGTAATACGACTCACTATAGGGGTTCAGAGTTCTACAGTCCGACGATCNNNNNNAGTCGTACTTTTTTTTTTTTTTTTTTTTTTTTV","H9","S000306_S000326",FALSE
"Treg_H10","Treg",NA,NA,NA,"ACGGTTAC",274,"RPI-6","GCCAAT","CGATTGAGGCCGGTAATACGACTCACTATAGGGGTTCAGAGTTCTACAGTCCGACGATCNNNNNNACGGTTACTTTTTTTTTTTTTTTTTTTTTTTTV","H10","S000306_S000326",FALSE
"Treg_H12","Treg",NA,NA,NA,"CAGTCCAA",276,"RPI-6","GCCAAT","CGATTGAGGCCGGTAATACGACTCACTATAGGGGTTCAGAGTTCTACAGTCCGACGATCNNNNNNCAGTCCAATTTTTTTTTTTTTTTTTTTTTTTTV","H12","S000306_S000326",FALSE
"Treg_H13","Treg",NA,NA,NA,"TCCTTCTC",277,"RPI-6","GCCAAT","CGATTGAGGCCGGTAATACGACTCACTATAGGGGTTCAGAGTTCTACAGTCCGACGATCNNNNNNTCCTTCTCTTTTTTTTTTTTTTTTTTTTTTTTV","H13","S000306_S000326",FALSE
"Treg_H14","Treg",NA,NA,NA,"TAGTCAGC",278,"RPI-6","GCCAAT","CGATTGAGGCCGGTAATACGACTCACTATAGGGGTTCAGAGTTCTACAGTCCGACGATCNNNNNNTAGTCAGCTTTTTTTTTTTTTTTTTTTTTTTTV","H14","S000306_S000326",FALSE
"Treg_H15","Treg",NA,NA,NA,"ACGACATC",279,"RPI-6","GCCAAT","CGATTGAGGCCGGTAATACGACTCACTATAGGGGTTCAGAGTTCTACAGTCCGACGATCNNNNNNACGACATCTTTTTTTTTTTTTTTTTTTTTTTTV","H15","S000306_S000326",FALSE
"Treg_H16","Treg",NA,NA,NA,"GTTGTCAG",280,"RPI-6","GCCAAT","CGATTGAGGCCGGTAATACGACTCACTATAGGGGTTCAGAGTTCTACAGTCCGACGATCNNNNNNGTTGTCAGTTTTTTTTTTTTTTTTTTTTTTTTV","H16","S000306_S000326",FALSE
"Treg_H17","Treg",NA,NA,NA,"CATGGTTG",281,"RPI-6","GCCAAT","CGATTGAGGCCGGTAATACGACTCACTATAGGGGTTCAGAGTTCTACAGTCCGACGATCNNNNNNCATGGTTGTTTTTTTTTTTTTTTTTTTTTTTTV","H17","S000306_S000326",FALSE
"Treg_H18","Treg",NA,NA,NA,"GCGTTGTA",282,"RPI-6","GCCAAT","CGATTGAGGCCGGTAATACGACTCACTATAGGGGTTCAGAGTTCTACAGTCCGACGATCNNNNNNGCGTTGTATTTTTTTTTTTTTTTTTTTTTTTTV","H18","S000306_S000326",TRUE
"Treg_H19","Treg",NA,NA,NA,"GGAGTCTT",283,"RPI-6","GCCAAT","CGATTGAGGCCGGTAATACGACTCACTATAGGGGTTCAGAGTTCTACAGTCCGACGATCNNNNNNGGAGTCTTTTTTTTTTTTTTTTTTTTTTTTTTV","H19","S000306_S000326",TRUE
"Treg_H20","Treg",NA,NA,NA,"AACGCTGT",284,"RPI-6","GCCAAT","CGATTGAGGCCGGTAATACGACTCACTATAGGGGTTCAGAGTTCTACAGTCCGACGATCNNNNNNAACGCTGTTTTTTTTTTTTTTTTTTTTTTTTTV","H20","S000306_S000326",TRUE
"Treg_I3","Treg",NA,NA,NA,"CTAGACCA",291,"RPI-6","GCCAAT","CGATTGAGGCCGGTAATACGACTCACTATAGGGGTTCAGAGTTCTACAGTCCGACGATCNNNNNNCTAGACCATTTTTTTTTTTTTTTTTTTTTTTTV","I3","S000306_S000326",FALSE
"Treg_I4","Treg",NA,NA,NA,"TACGGATC",292,"RPI-6","GCCAAT","CGATTGAGGCCGGTAATACGACTCACTATAGGGGTTCAGAGTTCTACAGTCCGACGATCNNNNNNTACGGATCTTTTTTTTTTTTTTTTTTTTTTTTV","I4","S000306_S000326",FALSE
"Treg_I5","Treg",NA,NA,NA,"AGCAACTC",293,"RPI-6","GCCAAT","CGATTGAGGCCGGTAATACGACTCACTATAGGGGTTCAGAGTTCTACAGTCCGACGATCNNNNNNAGCAACTCTTTTTTTTTTTTTTTTTTTTTTTTV","I5","S000306_S000326",FALSE
"Treg_I6","Treg",NA,NA,NA,"AAGTCGCT",294,"RPI-6","GCCAAT","CGATTGAGGCCGGTAATACGACTCACTATAGGGGTTCAGAGTTCTACAGTCCGACGATCNNNNNNAAGTCGCTTTTTTTTTTTTTTTTTTTTTTTTTV","I6","S000306_S000326",FALSE
"Treg_I7","Treg",NA,NA,NA,"ACAGCACT",295,"RPI-6","GCCAAT","CGATTGAGGCCGGTAATACGACTCACTATAGGGGTTCAGAGTTCTACAGTCCGACGATCNNNNNNACAGCACTTTTTTTTTTTTTTTTTTTTTTTTTV","I7","S000306_S000326",FALSE
"Treg_I8","Treg",NA,NA,NA,"ATCTACGG",296,"RPI-6","GCCAAT","CGATTGAGGCCGGTAATACGACTCACTATAGGGGTTCAGAGTTCTACAGTCCGACGATCNNNNNNATCTACGGTTTTTTTTTTTTTTTTTTTTTTTTV","I8","S000306_S000326",FALSE
"Treg_I9","Treg",NA,NA,NA,"CTATAGGC",297,"RPI-6","GCCAAT","CGATTGAGGCCGGTAATACGACTCACTATAGGGGTTCAGAGTTCTACAGTCCGACGATCNNNNNNCTATAGGCTTTTTTTTTTTTTTTTTTTTTTTTV","I9","S000306_S000326",FALSE
"Treg_I10","Treg",NA,NA,NA,"AAGCTCCA",298,"RPI-6","GCCAAT","CGATTGAGGCCGGTAATACGACTCACTATAGGGGTTCAGAGTTCTACAGTCCGACGATCNNNNNNAAGCTCCATTTTTTTTTTTTTTTTTTTTTTTTV","I10","S000306_S000326",FALSE
"Treg_I11","Treg",NA,NA,NA,"CAATCCAG",299,"RPI-6","GCCAAT","CGATTGAGGCCGGTAATACGACTCACTATAGGGGTTCAGAGTTCTACAGTCCGACGATCNNNNNNCAATCCAGTTTTTTTTTTTTTTTTTTTTTTTTV","I11","S000306_S000326",FALSE
"Treg_I12","Treg",NA,NA,NA,"ATGCAGCT",300,"RPI-6","GCCAAT","CGATTGAGGCCGGTAATACGACTCACTATAGGGGTTCAGAGTTCTACAGTCCGACGATCNNNNNNATGCAGCTTTTTTTTTTTTTTTTTTTTTTTTTV","I12","S000306_S000326",FALSE
"Treg_I13","Treg",NA,NA,NA,"AACCGTAC",301,"RPI-6","GCCAAT","CGATTGAGGCCGGTAATACGACTCACTATAGGGGTTCAGAGTTCTACAGTCCGACGATCNNNNNNAACCGTACTTTTTTTTTTTTTTTTTTTTTTTTV","I13","S000306_S000326",FALSE
"Treg_I14","Treg",NA,NA,NA,"CTCTCTCT",302,"RPI-6","GCCAAT","CGATTGAGGCCGGTAATACGACTCACTATAGGGGTTCAGAGTTCTACAGTCCGACGATCNNNNNNCTCTCTCTTTTTTTTTTTTTTTTTTTTTTTTTV","I14","S000306_S000326",FALSE
"Treg_I15","Treg",NA,NA,NA,"AGCCTAAC",303,"RPI-6","GCCAAT","CGATTGAGGCCGGTAATACGACTCACTATAGGGGTTCAGAGTTCTACAGTCCGACGATCNNNNNNAGCCTAACTTTTTTTTTTTTTTTTTTTTTTTTV","I15","S000306_S000326",FALSE
"Treg_I16","Treg",NA,NA,NA,"CTAAGCCA",304,"RPI-6","GCCAAT","CGATTGAGGCCGGTAATACGACTCACTATAGGGGTTCAGAGTTCTACAGTCCGACGATCNNNNNNCTAAGCCATTTTTTTTTTTTTTTTTTTTTTTTV","I16","S000306_S000326",FALSE
"Treg_I17","Treg",NA,NA,NA,"AAGGAGGA",305,"RPI-6","GCCAAT","CGATTGAGGCCGGTAATACGACTCACTATAGGGGTTCAGAGTTCTACAGTCCGACGATCNNNNNNAAGGAGGATTTTTTTTTTTTTTTTTTTTTTTTV","I17","S000306_S000326",FALSE
"Treg_J3","Treg",NA,NA,NA,"GTGCTCAA",315,"RPI-6","GCCAAT","CGATTGAGGCCGGTAATACGACTCACTATAGGGGTTCAGAGTTCTACAGTCCGACGATCNNNNNNGTGCTCAATTTTTTTTTTTTTTTTTTTTTTTTV","J3","S000306_S000326",FALSE
"Treg_J4","Treg",NA,NA,NA,"GGTGCATT",316,"RPI-6","GCCAAT","CGATTGAGGCCGGTAATACGACTCACTATAGGGGTTCAGAGTTCTACAGTCCGACGATCNNNNNNGGTGCATTTTTTTTTTTTTTTTTTTTTTTTTTV","J4","S000306_S000326",FALSE
"Treg_J5","Treg",NA,NA,NA,"GTGTGGTT",317,"RPI-6","GCCAAT","CGATTGAGGCCGGTAATACGACTCACTATAGGGGTTCAGAGTTCTACAGTCCGACGATCNNNNNNGTGTGGTTTTTTTTTTTTTTTTTTTTTTTTTTV","J5","S000306_S000326",FALSE
"Treg_J6","Treg",NA,NA,NA,"GCCAACTA",318,"RPI-6","GCCAAT","CGATTGAGGCCGGTAATACGACTCACTATAGGGGTTCAGAGTTCTACAGTCCGACGATCNNNNNNGCCAACTATTTTTTTTTTTTTTTTTTTTTTTTV","J6","S000306_S000326",FALSE
"Treg_J7","Treg",NA,NA,NA,"TACTGTGG",319,"RPI-6","GCCAAT","CGATTGAGGCCGGTAATACGACTCACTATAGGGGTTCAGAGTTCTACAGTCCGACGATCNNNNNNTACTGTGGTTTTTTTTTTTTTTTTTTTTTTTTV","J7","S000306_S000326",FALSE
"Treg_J8","Treg",NA,NA,NA,"CTACGACA",320,"RPI-6","GCCAAT","CGATTGAGGCCGGTAATACGACTCACTATAGGGGTTCAGAGTTCTACAGTCCGACGATCNNNNNNCTACGACATTTTTTTTTTTTTTTTTTTTTTTTV","J8","S000306_S000326",FALSE
"Treg_J9","Treg",NA,"50 cell minibulk","HT 4","TACCGAAC",321,"RPI-6","GCCAAT","CGATTGAGGCCGGTAATACGACTCACTATAGGGGTTCAGAGTTCTACAGTCCGACGATCNNNNNNTACCGAACTTTTTTTTTTTTTTTTTTTTTTTTV","J9","S000306_S000326",FALSE
"Treg_J10","Treg",NA,"50 cell minibulk","HT 4","AGGCCATT",322,"RPI-6","GCCAAT","CGATTGAGGCCGGTAATACGACTCACTATAGGGGTTCAGAGTTCTACAGTCCGACGATCNNNNNNAGGCCATTTTTTTTTTTTTTTTTTTTTTTTTTV","J10","S000306_S000326",FALSE
"Treg_J11","Treg",NA,"13 cell minibulk","HT 4","CGACCTAA",323,"RPI-6","GCCAAT","CGATTGAGGCCGGTAATACGACTCACTATAGGGGTTCAGAGTTCTACAGTCCGACGATCNNNNNNCGACCTAATTTTTTTTTTTTTTTTTTTTTTTTV","J11","S000306_S000326",TRUE
"Treg_K3","Treg",NA,"50 cell minibulk","LN 3","GTAGTGTC",339,"RPI-6","GCCAAT","CGATTGAGGCCGGTAATACGACTCACTATAGGGGTTCAGAGTTCTACAGTCCGACGATCNNNNNNGTAGTGTCTTTTTTTTTTTTTTTTTTTTTTTTV","K3","S000306_S000326",FALSE
"Treg_K4","Treg",NA,"50 cell minibulk","LN 3","TCTCAAGG",340,"RPI-6","GCCAAT","CGATTGAGGCCGGTAATACGACTCACTATAGGGGTTCAGAGTTCTACAGTCCGACGATCNNNNNNTCTCAAGGTTTTTTTTTTTTTTTTTTTTTTTTV","K4","S000306_S000326",FALSE
"Treg_K5","Treg",NA,"50 cell minibulk","LN 3","TCACCGAA",119,"RPI-6","GCCAAT","CGATTGAGGCCGGTAATACGACTCACTATAGGGGTTCAGAGTTCTACAGTCCGACGATCNNNNNNTCACCGAATTTTTTTTTTTTTTTTTTTTTTTTV","K5","S000306_S000326",FALSE
"Treg_K6","Treg",NA,"50 cell minibulk","Spl 3","TCATGGAC",120,"RPI-6","GCCAAT","CGATTGAGGCCGGTAATACGACTCACTATAGGGGTTCAGAGTTCTACAGTCCGACGATCNNNNNNTCATGGACTTTTTTTTTTTTTTTTTTTTTTTTV","K6","S000306_S000326",FALSE
"Treg_K7","Treg",NA,"50 cell minibulk","Spl 3","ACTTCAGG",343,"RPI-6","GCCAAT","CGATTGAGGCCGGTAATACGACTCACTATAGGGGTTCAGAGTTCTACAGTCCGACGATCNNNNNNACTTCAGGTTTTTTTTTTTTTTTTTTTTTTTTV","K7","S000306_S000326",FALSE
"Treg_K8","Treg",NA,"50 cell minibulk","Spl 3","ACCACTGA",344,"RPI-6","GCCAAT","CGATTGAGGCCGGTAATACGACTCACTATAGGGGTTCAGAGTTCTACAGTCCGACGATCNNNNNNACCACTGATTTTTTTTTTTTTTTTTTTTTTTTV","K8","S000306_S000326",FALSE
"Treg_K9","Treg",NA,"50 cell minibulk","HT 3","GCTCTGAA",345,"RPI-6","GCCAAT","CGATTGAGGCCGGTAATACGACTCACTATAGGGGTTCAGAGTTCTACAGTCCGACGATCNNNNNNGCTCTGAATTTTTTTTTTTTTTTTTTTTTTTTV","K9","S000306_S000326",FALSE
"Treg_K10","Treg",NA,"50 cell minibulk","HT 3","CAAGTGTC",346,"RPI-6","GCCAAT","CGATTGAGGCCGGTAATACGACTCACTATAGGGGTTCAGAGTTCTACAGTCCGACGATCNNNNNNCAAGTGTCTTTTTTTTTTTTTTTTTTTTTTTTV","K10","S000306_S000326",FALSE
"Treg_K11","Treg",NA,"50 cell minibulk","HT 3","TGCATGGT",347,"RPI-6","GCCAAT","CGATTGAGGCCGGTAATACGACTCACTATAGGGGTTCAGAGTTCTACAGTCCGACGATCNNNNNNTGCATGGTTTTTTTTTTTTTTTTTTTTTTTTTV","K11","S000306_S000326",FALSE
"Treg_K12","Treg",NA,"50 cell minibulk","LN 1","GCAGTCAT",348,"RPI-6","GCCAAT","CGATTGAGGCCGGTAATACGACTCACTATAGGGGTTCAGAGTTCTACAGTCCGACGATCNNNNNNGCAGTCATTTTTTTTTTTTTTTTTTTTTTTTTV","K12","S000306_S000326",TRUE
"Treg_K15","Treg",NA,"50 cell minibulk","Spl 1","ACGCACTA",351,"RPI-6","GCCAAT","CGATTGAGGCCGGTAATACGACTCACTATAGGGGTTCAGAGTTCTACAGTCCGACGATCNNNNNNACGCACTATTTTTTTTTTTTTTTTTTTTTTTTV","K15","S000306_S000326",TRUE
"Treg_K16","Treg",NA,"50 cell minibulk","Spl 1","AGTCATGC",352,"RPI-6","GCCAAT","CGATTGAGGCCGGTAATACGACTCACTATAGGGGTTCAGAGTTCTACAGTCCGACGATCNNNNNNAGTCATGCTTTTTTTTTTTTTTTTTTTTTTTTV","K16","S000306_S000326",TRUE
"Treg_K17","Treg",NA,"50 cell minibulk","Spl 1","TGTATGGC",353,"RPI-6","GCCAAT","CGATTGAGGCCGGTAATACGACTCACTATAGGGGTTCAGAGTTCTACAGTCCGACGATCNNNNNNTGTATGGCTTTTTTTTTTTTTTTTTTTTTTTTV","K17","S000306_S000326",TRUE
"Treg_K18","Treg",NA,NA,NA,"GTGGTCTA",354,"RPI-6","GCCAAT","CGATTGAGGCCGGTAATACGACTCACTATAGGGGTTCAGAGTTCTACAGTCCGACGATCNNNNNNGTGGTCTATTTTTTTTTTTTTTTTTTTTTTTTV","K18","S000306_S000326",FALSE
"Treg_L3","Treg",NA,"50 cell minibulk","LN 2","TGCGGATT",363,"RPI-6","GCCAAT","CGATTGAGGCCGGTAATACGACTCACTATAGGGGTTCAGAGTTCTACAGTCCGACGATCNNNNNNTGCGGATTTTTTTTTTTTTTTTTTTTTTTTTTV","L3","S000306_S000326",FALSE
"Treg_L4","Treg",NA,"50 cell minibulk","LN 2","CGACCATA",364,"RPI-6","GCCAAT","CGATTGAGGCCGGTAATACGACTCACTATAGGGGTTCAGAGTTCTACAGTCCGACGATCNNNNNNCGACCATATTTTTTTTTTTTTTTTTTTTTTTTV","L4","S000306_S000326",FALSE
"Treg_L5","Treg",NA,"50 cell minibulk","LN 2","TCGCACAA",365,"RPI-6","GCCAAT","CGATTGAGGCCGGTAATACGACTCACTATAGGGGTTCAGAGTTCTACAGTCCGACGATCNNNNNNTCGCACAATTTTTTTTTTTTTTTTTTTTTTTTV","L5","S000306_S000326",FALSE
"Treg_L6","Treg",NA,"50 cell minibulk","Spl 2","AGCTGTTG",366,"RPI-6","GCCAAT","CGATTGAGGCCGGTAATACGACTCACTATAGGGGTTCAGAGTTCTACAGTCCGACGATCNNNNNNAGCTGTTGTTTTTTTTTTTTTTTTTTTTTTTTV","L6","S000306_S000326",FALSE
"Treg_L7","Treg",NA,"50 cell minibulk","Spl 2","GAACTTCG",367,"RPI-6","GCCAAT","CGATTGAGGCCGGTAATACGACTCACTATAGGGGTTCAGAGTTCTACAGTCCGACGATCNNNNNNGAACTTCGTTTTTTTTTTTTTTTTTTTTTTTTV","L7","S000306_S000326",FALSE
"Treg_L8","Treg",NA,"50 cell minibulk","Spl 2","TGGTGATC",368,"RPI-6","GCCAAT","CGATTGAGGCCGGTAATACGACTCACTATAGGGGTTCAGAGTTCTACAGTCCGACGATCNNNNNNTGGTGATCTTTTTTTTTTTTTTTTTTTTTTTTV","L8","S000306_S000326",FALSE
"Treg_L9","Treg",NA,"50 cell minibulk","HT 2","CGATAGCT",369,"RPI-6","GCCAAT","CGATTGAGGCCGGTAATACGACTCACTATAGGGGTTCAGAGTTCTACAGTCCGACGATCNNNNNNCGATAGCTTTTTTTTTTTTTTTTTTTTTTTTTV","L9","S000306_S000326",FALSE
"Treg_L10","Treg",NA,"50 cell minibulk","HT 2","ATCCGCAA",370,"RPI-6","GCCAAT","CGATTGAGGCCGGTAATACGACTCACTATAGGGGTTCAGAGTTCTACAGTCCGACGATCNNNNNNATCCGCAATTTTTTTTTTTTTTTTTTTTTTTTV","L10","S000306_S000326",FALSE
"Treg_L11","Treg",NA,"50 cell minibulk","HT 2","CGCTAGTA",371,"RPI-6","GCCAAT","CGATTGAGGCCGGTAATACGACTCACTATAGGGGTTCAGAGTTCTACAGTCCGACGATCNNNNNNCGCTAGTATTTTTTTTTTTTTTTTTTTTTTTTV","L11","S000306_S000326",FALSE
"Treg_O7","Treg",NA,NA,NA,"TACCGTGA",439,"RPI-6","GCCAAT","CGATTGAGGCCGGTAATACGACTCACTATAGGGGTTCAGAGTTCTACAGTCCGACGATCNNNNNNTACCGTGATTTTTTTTTTTTTTTTTTTTTTTTV","O7","S000306_S000326",TRUE
"Treg_O8","Treg",NA,NA,NA,"GCCATCAA",440,"RPI-6","GCCAAT","CGATTGAGGCCGGTAATACGACTCACTATAGGGGTTCAGAGTTCTACAGTCCGACGATCNNNNNNGCCATCAATTTTTTTTTTTTTTTTTTTTTTTTV","O8","S000306_S000326",TRUE
"Treg_O9","Treg",NA,NA,NA,"GGCTATCA",441,"RPI-6","GCCAAT","CGATTGAGGCCGGTAATACGACTCACTATAGGGGTTCAGAGTTCTACAGTCCGACGATCNNNNNNGGCTATCATTTTTTTTTTTTTTTTTTTTTTTTV","O9","S000306_S000326",TRUE
